title,ingredients
Italian Chicken Cacciatore,onion
Italian Chicken Cacciatore,salt
Italian Chicken Cacciatore,tomatoes
Italian Chicken Cacciatore,olive oil
Italian Chicken Cacciatore,chicken
Italian Chicken Cacciatore,pepper
Italian Chicken Cacciatore,white sugar
Italian Chicken Cacciatore,parsley
Spaghetti Cacio e Pepe,olive oil
Spaghetti Cacio e Pepe,pepper
Spaghetti Cacio e Pepe,garlic
Easy Caponata,onion
Easy Caponata,salt
Easy Caponata,olive oil
Easy Caponata,pepper
Easy Caponata,white sugar
Chef Johns Lemon Ice,white sugar
Chef Johns Lemon Ice,water
Focaccia di Recco,salt
Focaccia di Recco,water
Frittata di Zucchine e Fiori di Zucca Italian Courgette Frittata,salt
Frittata di Zucchine e Fiori di Zucca Italian Courgette Frittata,eggs
Frittata di Zucchine e Fiori di Zucca Italian Courgette Frittata,pepper
Melanzana alla Parmigiana Perfect Eggplant Parmigiana,salt
Melanzana alla Parmigiana Perfect Eggplant Parmigiana,olive oil
Melanzana alla Parmigiana Perfect Eggplant Parmigiana,oregano
Melanzana alla Parmigiana Perfect Eggplant Parmigiana,garlic
Affogato with ColdBrewed Coffee,water
Worlds Best Lasagna,egg
Worlds Best Lasagna,salt
Worlds Best Lasagna,tomatoes
Worlds Best Lasagna,pepper
Worlds Best Lasagna,onion
Worlds Best Lasagna,white sugar
Worlds Best Lasagna,parsley
Worlds Best Lasagna,water
Worlds Best Lasagna,garlic
Chicken Marsala,salt
Chicken Marsala,butter
Chicken Marsala,olive oil
Chicken Marsala,pepper
Chicken Marsala,oregano
Spanish Cod,onion
Spanish Cod,tomato sauce
Spanish Cod,butter
Spanish Cod,olive oil
Spanish Cod,pepper
Spanish Cod,paprika
Spanish Cod,garlic
Spanish Flan,eggs
Spanish Flan,white sugar
Easy Paella,salt
Easy Paella,olive oil
Easy Paella,chicken
Easy Paella,pepper
Easy Paella,oregano
Easy Paella,paprika
Easy Paella,garlic
Empanadas,ground cinnamon
Empanadas,butter
Empanadas,white sugar
Espinacas con Garbanzos Spinach with Garbanzo Beans,onion
Espinacas con Garbanzos Spinach with Garbanzo Beans,salt
Espinacas con Garbanzos Spinach with Garbanzo Beans,garlic
Gazpacho,onion
Gazpacho,salt
Gazpacho,tomatoes
Gazpacho,lemon juice
Gazpacho,green onions
Gazpacho,pepper
Gazpacho,parsley
Gazpacho,white sugar
Gazpacho,garlic
Avocado and Tuna Tapas,salt
Avocado and Tuna Tapas,green onions
Avocado and Tuna Tapas,pepper
Avocado and Tuna Tapas,water
Spanish Potato Omelet,onion
Spanish Potato Omelet,salt
Spanish Potato Omelet,eggs
Spanish Potato Omelet,potatoes
Spanish Potato Omelet,green onions
Spanish Potato Omelet,olive oil
Spanish Potato Omelet,pepper
Spanish Potato Omelet,tomatoes
Chef Johns Chicken and Rice,onion
Chef Johns Chicken and Rice,salt
Chef Johns Chicken and Rice,ground cumin
Chef Johns Chicken and Rice,chicken
Chef Johns Chicken and Rice,olive oil
Chef Johns Chicken and Rice,pepper
Chef Johns Chicken and Rice,white sugar
Chef Johns Chicken and Rice,oregano
Chef Johns Chicken and Rice,paprika
Chef Johns Chicken and Rice,water
Chef Johns Chicken and Rice,garlic
Paella I,onion
Paella I,salt
Paella I,tomatoes
Paella I,olive oil
Paella I,chicken
Paella I,pepper
Paella I,garlic
Beef Stifado,ground cinnamon
Beef Stifado,salt
Beef Stifado,tomatoes
Beef Stifado,butter
Beef Stifado,olive oil
Beef Stifado,pepper
Beef Stifado,white sugar
Beef Stifado,water
Beef Stifado,garlic
Moussaka,egg
Moussaka,tomato sauce
Moussaka,salt
Moussaka,milk
Moussaka,butter
Moussaka,pepper
Moussaka,ground cinnamon
Moussaka,olive oil
Moussaka,parsley
Moussaka,garlic
Greek Lentil Soup Fakes,onion
Greek Lentil Soup Fakes,salt
Greek Lentil Soup Fakes,carrot
Greek Lentil Soup Fakes,olive oil
Greek Lentil Soup Fakes,pepper
Greek Lentil Soup Fakes,oregano
Greek Lentil Soup Fakes,water
Greek Lentil Soup Fakes,garlic
Marinated Greek Chicken Kabobs,salt
Marinated Greek Chicken Kabobs,tomatoes
Marinated Greek Chicken Kabobs,lemon juice
Marinated Greek Chicken Kabobs,pepper
Marinated Greek Chicken Kabobs,oregano
Chef Johns Tzatziki Sauce,salt
Chef Johns Tzatziki Sauce,pepper
Chef Johns Tzatziki Sauce,garlic
My Own Famous Stuffed Grape Leaves,onion
My Own Famous Stuffed Grape Leaves,lemon juice
My Own Famous Stuffed Grape Leaves,chicken
My Own Famous Stuffed Grape Leaves,water
Yia Yias Baklava,salt
Yia Yias Baklava,white sugar
Yia Yias Baklava,ground cinnamon
Yia Yias Baklava,water
Shrimps Saganaki Greek Recipe,onion
Shrimps Saganaki Greek Recipe,salt
Shrimps Saganaki Greek Recipe,tomatoes
Shrimps Saganaki Greek Recipe,olive oil
Shrimps Saganaki Greek Recipe,pepper
Shrimps Saganaki Greek Recipe,parsley
Greek Sausage Sheftalia,onion
Greek Sausage Sheftalia,salt
Greek Sausage Sheftalia,pepper
Greek Sausage Sheftalia,parsley
Greek Baklava,butter
Greek Baklava,white sugar
Greek Baklava,ground cinnamon
Greek Baklava,water
Poulet de Provencal,salt
Poulet de Provencal,butter
Poulet de Provencal,olive oil
Poulet de Provencal,chicken
Poulet de Provencal,pepper
Gratin Dauphinois de Solange,potatoes
Gratin Dauphinois de Solange,pepper
Gratin Dauphinois de Solange,garlic
Traditional Layered French Croissants,egg
Traditional Layered French Croissants,salt
Traditional Layered French Croissants,milk
Traditional Layered French Croissants,water
Calis Sinful Creme Brulee,white sugar
Calis Sinful Creme Brulee,salt
Calis Sinful Creme Brulee,white sugar
Beef Bourguignon II,onion
Beef Bourguignon II,salt
Beef Bourguignon II,butter
Beef Bourguignon II,pepper
Beef Bourguignon II,parsley
Beef Bourguignon II,garlic
French Onion Soup V,butter
French Onion Soup V,pepper
French Onion Soup V,white sugar
French Onion Soup V,parsley
French Onion Soup V,water
Chef Johns Coq Au Vin,butter
Chef Johns Coq Au Vin,chicken
Chef Johns Coq Au Vin,pepper
Chicken Cordon Bleu II,paprika
Chicken Cordon Bleu II,cornstarch
Chicken Cordon Bleu II,butter
Chicken Cordon Bleu II,chicken
Creamy Au Gratin Potatoes,onion
Creamy Au Gratin Potatoes,salt
Creamy Au Gratin Potatoes,milk
Creamy Au Gratin Potatoes,butter
Creamy Au Gratin Potatoes,pepper
Cinnamon Stars,salt
Cinnamon Stars,ground cinnamon
Jaeger Schnitzel,eggs
Crispy Roasted Chicken,vegetable oil
Crispy Roasted Chicken,salt
Crispy Roasted Chicken,chicken
Crispy Roasted Chicken,paprika
Ulis Apple Red Cabbage,onion
Ulis Apple Red Cabbage,ground cinnamon
Ulis Apple Red Cabbage,salt
Ulis Apple Red Cabbage,butter
Ulis Apple Red Cabbage,chicken
Ulis Apple Red Cabbage,white sugar
Ulis Apple Red Cabbage,pepper
Lengenbergs Boiled Potatoes,salt
German Spaetzle Dumplings,salt
German Spaetzle Dumplings,eggs
German Spaetzle Dumplings,milk
German Spaetzle Dumplings,butter
German Spaetzle Dumplings,pepper
German Spaetzle Dumplings,water
Bee Sting Cake Bienenstich II,egg
Bee Sting Cake Bienenstich II,salt
Bee Sting Cake Bienenstich II,cornstarch
Bee Sting Cake Bienenstich II,milk
Bee Sting Cake Bienenstich II,butter
Bee Sting Cake Bienenstich II,white sugar
Semmelknoedel Bread Dumplings,onion
Semmelknoedel Bread Dumplings,salt
Semmelknoedel Bread Dumplings,eggs
Semmelknoedel Bread Dumplings,milk
Semmelknoedel Bread Dumplings,butter
Semmelknoedel Bread Dumplings,pepper
Semmelknoedel Bread Dumplings,parsley
Kaiserschmarren,salt
Kaiserschmarren,eggs
Kaiserschmarren,milk
Kaiserschmarren,butter
Kaiserschmarren,white sugar
Juicy Roasted Chicken,salt
Juicy Roasted Chicken,chicken
Juicy Roasted Chicken,pepper
Portuguese Kale Soup,salt
Portuguese Kale Soup,potatoes
Portuguese Kale Soup,pepper
Portuguese Kale Soup,water
Captain Duartes Salt Cod Cakes,onion
Captain Duartes Salt Cod Cakes,salt
Captain Duartes Salt Cod Cakes,eggs
Captain Duartes Salt Cod Cakes,potatoes
Captain Duartes Salt Cod Cakes,pepper
Captain Duartes Salt Cod Cakes,parsley
Arroz de Braga Portuguese Rice,onion
Arroz de Braga Portuguese Rice,salt
Arroz de Braga Portuguese Rice,tomatoes
Arroz de Braga Portuguese Rice,chicken
Arroz de Braga Portuguese Rice,olive oil
Arroz de Braga Portuguese Rice,pepper
Arroz de Braga Portuguese Rice,parsley
Arroz de Braga Portuguese Rice,water
Portuguese Shrimp,onion
Portuguese Shrimp,salt
Portuguese Shrimp,chicken
Portuguese Shrimp,pepper
Portuguese Shrimp,parsley
Portuguese Shrimp,garlic
Bacalhau Portuguese ao Forno Salt Cod with Tomatoes and Olives,salt
Bacalhau Portuguese ao Forno Salt Cod with Tomatoes and Olives,tomatoes
Bacalhau Portuguese ao Forno Salt Cod with Tomatoes and Olives,potatoes
Bacalhau Portuguese ao Forno Salt Cod with Tomatoes and Olives,olive oil
Bacalhau Portuguese ao Forno Salt Cod with Tomatoes and Olives,parsley
Moms Portuguese Beef Stew,onion
Moms Portuguese Beef Stew,salt
Moms Portuguese Beef Stew,water
Moms Portuguese Beef Stew,carrot
Moms Portuguese Beef Stew,pepper
Moms Portuguese Beef Stew,parsley
Moms Portuguese Beef Stew,paprika
Moms Portuguese Beef Stew,garlic
Portuguese Sweet Bread I,egg
Portuguese Sweet Bread I,salt
Portuguese Sweet Bread I,milk
Portuguese Sweet Bread I,white sugar
Portuguese Custard Tarts  Pasteis de Nata,cornstarch
Portuguese Custard Tarts  Pasteis de Nata,milk
Portuguese Custard Tarts  Pasteis de Nata,white sugar
Queijadas,eggs
Queijadas,milk
Queijadas,butter
Queijadas,white sugar
Caldo Verde Portuguese Green Soup,onion
Caldo Verde Portuguese Green Soup,salt
Caldo Verde Portuguese Green Soup,potatoes
Caldo Verde Portuguese Green Soup,olive oil
Caldo Verde Portuguese Green Soup,pepper
Caldo Verde Portuguese Green Soup,water
Caldo Verde Portuguese Green Soup,garlic
Kung Pao Chicken,sesame oil
Kung Pao Chicken,soy sauce
Kung Pao Chicken,cornstarch
Kung Pao Chicken,green onions
Kung Pao Chicken,water
Kung Pao Chicken,garlic
PanFried Chinese Pancakes,sesame oil
PanFried Chinese Pancakes,vegetable oil
PanFried Chinese Pancakes,salt
PanFried Chinese Pancakes,water
Chinese Lions Head Soup,sesame oil
Chinese Lions Head Soup,egg
Chinese Lions Head Soup,ginger root
Chinese Lions Head Soup,salt
Chinese Lions Head Soup,vegetable oil
Chinese Lions Head Soup,soy sauce
Chinese Lions Head Soup,cornstarch
Chinese Lions Head Soup,green onions
Chinese Lions Head Soup,chicken
Chinese Lions Head Soup,water
Pork Dumplings,sesame oil
Pork Dumplings,ginger root
Pork Dumplings,egg
Pork Dumplings,soy sauce
Pork Dumplings,garlic
Chinese Spareribs,soy sauce
Chinese Spareribs,rice vinegar
Chinese Spareribs,lemon juice
Chinese Spareribs,garlic
Sweet and Sour Chicken I,egg
Sweet and Sour Chicken I,vegetable oil
Sweet and Sour Chicken I,salt
Sweet and Sour Chicken I,cornstarch
Sweet and Sour Chicken I,white sugar
Sweet and Sour Chicken I,pepper
Sweet and Sour Chicken I,water
Fun Karnal Beef and Broccoli,onion
Fun Karnal Beef and Broccoli,vegetable oil
Fun Karnal Beef and Broccoli,soy sauce
Fun Karnal Beef and Broccoli,cornstarch
Fun Karnal Beef and Broccoli,pepper
Fun Karnal Beef and Broccoli,water
Fun Karnal Beef and Broccoli,garlic
Chinese Green Bean StirFry,ginger root
Chinese Green Bean StirFry,vegetable oil
Chinese Green Bean StirFry,salt
Chinese Green Bean StirFry,pepper
Chinese Green Bean StirFry,garlic
Honey Walnut Shrimp,white sugar
Honey Walnut Shrimp,water
Szechwan Shrimp,vegetable oil
Szechwan Shrimp,soy sauce
Szechwan Shrimp,cornstarch
Szechwan Shrimp,green onions
Szechwan Shrimp,pepper
Szechwan Shrimp,water
Szechwan Shrimp,garlic
Yam Taeng Spicy Cucumber Salad,fish sauce
Pad Kee Mow Drunkards Noodles,vegetable oil
Pad Kee Mow Drunkards Noodles,rice vinegar
Pad Kee Mow Drunkards Noodles,soy sauce
Pad Kee Mow Drunkards Noodles,tomatoes
Pad Kee Mow Drunkards Noodles,green onions
Pad Kee Mow Drunkards Noodles,fish sauce
Pad Kee Mow Drunkards Noodles,pepper
Pad Kee Mow Drunkards Noodles,water
Pad Kee Mow Drunkards Noodles,garlic
Thai Sweet Sticky Rice With Mango Khao Neeo Mamuang,salt
Thai Sweet Sticky Rice With Mango Khao Neeo Mamuang,white sugar
Thai Sweet Sticky Rice With Mango Khao Neeo Mamuang,water
Thai Carrot Salad,salt
Thai Carrot Salad,rice vinegar
Thai Carrot Salad,lime juice
Thai Carrot Salad,white sugar
Thai Carrot Salad,pepper
Thai Carrot Salad,water
Thai Carrot Salad,garlic
Thai Chicken Satay,salt
Thai Chicken Satay,cilantro
Thai Chicken Satay,fish sauce
Thai Red Curry Paste,vegetable oil
Thai Red Curry Paste,salt
Thai Red Curry Paste,paprika
Thai Red Curry Paste,ground cumin
Thai Red Curry Paste,ground turmeric
Thai Red Curry Paste,cilantro
Thai Red Curry Paste,pepper
Thai Red Curry Paste,garlic
Curried Coconut Chicken,vegetable oil
Curried Coconut Chicken,salt
Curried Coconut Chicken,onion
Curried Coconut Chicken,tomato sauce
Curried Coconut Chicken,chicken
Curried Coconut Chicken,pepper
Curried Coconut Chicken,garlic
Peanut Butter Noodles,ginger root
Peanut Butter Noodles,soy sauce
Peanut Butter Noodles,chicken
Peanut Butter Noodles,green onions
Peanut Butter Noodles,garlic
The Best Thai Coconut Soup,vegetable oil
The Best Thai Coconut Soup,salt
The Best Thai Coconut Soup,lime juice
The Best Thai Coconut Soup,chicken
The Best Thai Coconut Soup,fish sauce
Pad Thai,vegetable oil
Pad Thai,eggs
Pad Thai,butter
Pad Thai,green onions
Pad Thai,fish sauce
Pad Thai,white sugar
Pad Thai,pepper
Roti CanaiParatha Indian Pancake,egg
Roti CanaiParatha Indian Pancake,salt
Roti CanaiParatha Indian Pancake,water
Roti CanaiParatha Indian Pancake,white sugar
Black Chana with Potato,onion
Black Chana with Potato,vegetable oil
Black Chana with Potato,salt
Black Chana with Potato,potatoes
Black Chana with Potato,pepper
Black Chana with Potato,ground turmeric
Black Chana with Potato,water
Black Chana with Potato,garlic
Tomato Cucumber Kachumbar,salt
Tomato Cucumber Kachumbar,lemon juice
Tomato Cucumber Kachumbar,green onions
Tomato Cucumber Kachumbar,cilantro
Tomato Cucumber Kachumbar,pepper
Red Split Lentils Masoor Dal,salt
Red Split Lentils Masoor Dal,ground cumin
Red Split Lentils Masoor Dal,olive oil
Red Split Lentils Masoor Dal,pepper
Red Split Lentils Masoor Dal,ground turmeric
Red Split Lentils Masoor Dal,water
Red Split Lentils Masoor Dal,garlic
Coconut Chutney,vegetable oil
Coconut Chutney,pepper
Tamarind Sauce Fish Curry,salt
Tamarind Sauce Fish Curry,vegetable oil
Tamarind Sauce Fish Curry,onion
Tamarind Sauce Fish Curry,ground turmeric
Tamarind Sauce Fish Curry,water
Kashmiri Lamb,ginger root
Kashmiri Lamb,vegetable oil
Kashmiri Lamb,salt
Kashmiri Lamb,tomatoes
Kashmiri Lamb,ground turmeric
Kashmiri Lamb,pepper
Kashmiri Lamb,garlic
Chicken Tikka Masala,tomato sauce
Chicken Tikka Masala,salt
Chicken Tikka Masala,ground cumin
Chicken Tikka Masala,butter
Chicken Tikka Masala,lemon juice
Chicken Tikka Masala,chicken
Chicken Tikka Masala,pepper
Chicken Tikka Masala,paprika
Chicken Tikka Masala,ground cinnamon
Chicken Tikka Masala,garlic
Naan,egg
Naan,salt
Naan,milk
Naan,butter
Naan,white sugar
Naan,water
Curry Stand Chicken Tikka Masala Sauce,onion
Curry Stand Chicken Tikka Masala Sauce,tomato sauce
Curry Stand Chicken Tikka Masala Sauce,salt
Curry Stand Chicken Tikka Masala Sauce,vegetable oil
Curry Stand Chicken Tikka Masala Sauce,ground cumin
Curry Stand Chicken Tikka Masala Sauce,pepper
Curry Stand Chicken Tikka Masala Sauce,white sugar
Curry Stand Chicken Tikka Masala Sauce,paprika
Curry Stand Chicken Tikka Masala Sauce,ground turmeric
Curry Stand Chicken Tikka Masala Sauce,ground cinnamon
Curry Stand Chicken Tikka Masala Sauce,garlic
Carnitas  Pressure Cooker,onion
Carnitas  Pressure Cooker,salt
Carnitas  Pressure Cooker,ground cumin
Carnitas  Pressure Cooker,olive oil
Carnitas  Pressure Cooker,pepper
Carnitas  Pressure Cooker,oregano
Carnitas  Pressure Cooker,paprika
Carnitas  Pressure Cooker,garlic
Agua Fresca de Pepino Cucumber Limeade,water
Drowned Beef Sandwich with Chipotle Sauce Torta Ahogada,onion
Drowned Beef Sandwich with Chipotle Sauce Torta Ahogada,vegetable oil
Drowned Beef Sandwich with Chipotle Sauce Torta Ahogada,cilantro
Drowned Beef Sandwich with Chipotle Sauce Torta Ahogada,garlic
Secret Salsa,onion
Secret Salsa,salt
Secret Salsa,tomatoes
Secret Salsa,cilantro
Secret Salsa,pepper
Secret Salsa,parsley
Easy Chicken Flautas,onion
Easy Chicken Flautas,salt
Easy Chicken Flautas,butter
Easy Chicken Flautas,lemon juice
Easy Chicken Flautas,chicken
Easy Chicken Flautas,pepper
Easy Mexican Sopes,salt
Easy Mexican Sopes,water
Jalapeno and Cucumber Margarita,salt
Jalapeno and Cucumber Margarita,lime juice
Jalapeno and Cucumber Margarita,pepper
Slow Cooker Chicken Taco Soup,onion
Slow Cooker Chicken Taco Soup,tomato sauce
Guacamole,onion
Guacamole,salt
Guacamole,tomatoes
Guacamole,cilantro
Guacamole,pepper
Guacamole,garlic
Taco Seasoning I,salt
Taco Seasoning I,oregano
Taco Seasoning I,ground cumin
Taco Seasoning I,pepper
Taco Seasoning I,paprika
Sushi Roll,salt
Sushi Roll,rice vinegar
Sushi Roll,white sugar
Gyoza,sesame oil
Gyoza,onion
Gyoza,egg
Gyoza,vegetable oil
Gyoza,soy sauce
Gyoza,water
Gyoza,carrot
Gyoza,garlic
Green Tea Layer Cake,vegetable oil
Green Tea Layer Cake,salt
Green Tea Layer Cake,eggs
Green Tea Layer Cake,butter
Green Tea Layer Cake,white sugar
Glos Sausage Fried Rice,vegetable oil
Glos Sausage Fried Rice,eggs
Glos Sausage Fried Rice,soy sauce
Glos Sausage Fried Rice,green onions
Glos Sausage Fried Rice,pepper
Quick Sesame Green Beans,ginger root
Quick Sesame Green Beans,pepper
Quick Sesame Green Beans,garlic
Japanese Ginger Salad Dressing,ginger root
Japanese Ginger Salad Dressing,soy sauce
Japanese Ginger Salad Dressing,olive oil
Japanese Ginger Salad Dressing,pepper
Japanese Ginger Salad Dressing,garlic
Chicken Yakisoba,sesame oil
Chicken Yakisoba,onion
Chicken Yakisoba,salt
Chicken Yakisoba,soy sauce
Chicken Yakisoba,garlic
Tonkatsu  AsianStyle Pork Chop,salt
Tonkatsu  AsianStyle Pork Chop,eggs
Tonkatsu  AsianStyle Pork Chop,milk
Tonkatsu  AsianStyle Pork Chop,pepper
Tonkatsu  AsianStyle Pork Chop,garlic
Sesame Crusted Mahi Mahi with Soy Shiso Ginger Butter Sauce,ginger root
Sesame Crusted Mahi Mahi with Soy Shiso Ginger Butter Sauce,salt
Sesame Crusted Mahi Mahi with Soy Shiso Ginger Butter Sauce,soy sauce
Sesame Crusted Mahi Mahi with Soy Shiso Ginger Butter Sauce,pepper
Japanese Shrimp Sauce I,rice vinegar
Japanese Shrimp Sauce I,white sugar
Japanese Shrimp Sauce I,paprika
Vietnamese Golden Chicken Wings,sesame oil
Vietnamese Golden Chicken Wings,onion
Vietnamese Golden Chicken Wings,salt
Vietnamese Golden Chicken Wings,soy sauce
Vietnamese Golden Chicken Wings,lemon juice
Vietnamese Golden Chicken Wings,chicken
Vietnamese Golden Chicken Wings,pepper
BanhMi Style Vietnamese Baguette,salt
BanhMi Style Vietnamese Baguette,carrot
BanhMi Style Vietnamese Baguette,pepper
BanhMi Style Vietnamese Baguette,rice vinegar
BanhMi Style Vietnamese Baguette,soy sauce
BanhMi Style Vietnamese Baguette,white sugar
BanhMi Style Vietnamese Baguette,sesame oil
BanhMi Style Vietnamese Baguette,lime juice
BanhMi Style Vietnamese Baguette,olive oil
BanhMi Style Vietnamese Baguette,water
BanhMi Style Vietnamese Baguette,garlic
Nuoc Cham Sauce,lime juice
Nuoc Cham Sauce,fish sauce
Nuoc Cham Sauce,white sugar
Nuoc Cham Sauce,pepper
Nuoc Cham Sauce,water
Nuoc Cham Sauce,garlic
Vietnamese Grilled Lemongrass Chicken,soy sauce
Vietnamese Grilled Lemongrass Chicken,lemon juice
Vietnamese Grilled Lemongrass Chicken,chicken
Vietnamese Grilled Lemongrass Chicken,fish sauce
Vietnamese Grilled Lemongrass Chicken,garlic
Vietnamese Spring Rolls With Dipping Sauce,lime juice
Vietnamese Spring Rolls With Dipping Sauce,cilantro
Vietnamese Spring Rolls With Dipping Sauce,fish sauce
Vietnamese Spring Rolls With Dipping Sauce,white sugar
Vietnamese Spring Rolls With Dipping Sauce,pepper
Vietnamese Spring Rolls With Dipping Sauce,garlic
Vietnamese Chicken Salad,sesame oil
Vietnamese Chicken Salad,onion
Vietnamese Chicken Salad,vegetable oil
Vietnamese Chicken Salad,rice vinegar
Vietnamese Chicken Salad,lime juice
Vietnamese Chicken Salad,chicken
Vietnamese Chicken Salad,carrot
Vietnamese Chicken Salad,pepper
Vietnamese Chicken Salad,white sugar
Vietnamese Chicken Salad,garlic
Braised Green Beans with Fried Tofu,onion
Braised Green Beans with Fried Tofu,salt
Braised Green Beans with Fried Tofu,soy sauce
Braised Green Beans with Fried Tofu,cornstarch
Braised Green Beans with Fried Tofu,chicken
Braised Green Beans with Fried Tofu,white sugar
Braised Green Beans with Fried Tofu,pepper
Braised Green Beans with Fried Tofu,water
Pho Ga Soup,vegetable oil
Pho Ga Soup,green onions
Pho Ga Soup,cilantro
Pho Ga Soup,chicken
Pho Ga Soup,water
Pho Ga Soup,garlic
Banh Mi Burgers,sesame oil
Banh Mi Burgers,rice vinegar
Banh Mi Burgers,carrot
Banh Mi Burgers,fish sauce
Banh Mi Burgers,white sugar
Pickled Daikon Radish and Carrot,cilantro
Pickled Daikon Radish and Carrot,carrot
Pickled Daikon Radish and Carrot,white sugar
Pickled Daikon Radish and Carrot,pepper
